{
  "micro_f1": 0.8245224344735673,
  "macro_f1": 0.790494308833866,
  "samples_f1": 0.7740104327852673,
  "jaccard_macro": 0.6640524979125288,
  "jaccard_samples": 0.6866879533270261,
  "subset_accuracy": 0.2693156732891832,
  "hamming_loss": 0.1634933774834437,
  "micro_acc": 0.8365066225165563,
  "throughput_tokens_per_sec": 63538.60189558762
}