{
  "anger": 0.5,
  "brain_dysfunction": 0.652999997138977,
  "emptiness": 0.6710000038146973,
  "hopelessness": 0.5720000267028809,
  "loneliness": 0.5,
  "sadness": 0.5,
  "suicide_intent": 0.6171185970306396,
  "worthlessness": 0.5720000267028809
}